court,url,
Supreme Court of India,https://indiankanoon.org/browse/supremecourt/,
Supreme Court - Daily Orders,https://indiankanoon.org/browse/scorders/,
Allahabad High Court,https://indiankanoon.org/browse/allahabad/,
Andhra Pradesh High Court - Amravati,https://indiankanoon.org/browse/amravati/,
Bombay High Court,https://indiankanoon.org/browse/bombay/,
Calcutta High Court,https://indiankanoon.org/browse/kolkata/,
Calcutta High Court - Appellate Side,https://indiankanoon.org/browse/kolkata_app/,
Chattisgarh High Court,https://indiankanoon.org/browse/chattisgarh/,
Delhi High Court,https://indiankanoon.org/browse/delhi/,
Delhi High Court - Orders,https://indiankanoon.org/browse/delhiorders/,
Gauhati High Court,https://indiankanoon.org/browse/gauhati/,
Gujarat High Court,https://indiankanoon.org/browse/gujarat/,
Himachal Pradesh High Court,https://indiankanoon.org/browse/himachal_pradesh/,
Jammu & Kashmir High Court,https://indiankanoon.org/browse/jammu/,
Jammu & Kashmir High Court - Srinagar Bench,https://indiankanoon.org/browse/srinagar/,
Jharkhand High Court,https://indiankanoon.org/browse/jharkhand/,
Karnataka High Court,https://indiankanoon.org/browse/karnataka/,
Kerala High Court,https://indiankanoon.org/browse/kerala/,
Madhya Pradesh High Court,https://indiankanoon.org/browse/madhyapradesh/,
Manipur High Court,https://indiankanoon.org/browse/manipur/,
Meghalaya High Court,https://indiankanoon.org/browse/meghalaya/,
Madras High Court,https://indiankanoon.org/browse/chennai/,
Orissa High Court,https://indiankanoon.org/browse/orissa/,
Patna High Court,https://indiankanoon.org/browse/patna/,
Patna High Court - Orders,https://indiankanoon.org/browse/patna_orders/,
Punjab-Haryana High Court,https://indiankanoon.org/browse/punjab/,
Rajasthan High Court - Jaipur,https://indiankanoon.org/browse/jaipur/,
Rajasthan High Court - Jodhpur,https://indiankanoon.org/browse/jodhpur/,
Sikkim High Court,https://indiankanoon.org/browse/sikkim/,
Uttarakhand High Court,https://indiankanoon.org/browse/uttaranchal/,
Tripura High Court,https://indiankanoon.org/browse/tripura/,
Telangana High Court,https://indiankanoon.org/browse/telangana/,
