court,year,month,title,url
Delhi High Court - Orders,2021,January,Full Document,https://indiankanoon.org/doc/4655021/
Delhi High Court - Orders,2021,January,Full Document,https://indiankanoon.org/doc/178148456/
Delhi High Court - Orders,2021,January,Full Document,https://indiankanoon.org/doc/30151351/
Delhi High Court - Orders,2021,January,Full Document,https://indiankanoon.org/doc/53737726/
Delhi High Court - Orders,2021,January,Full Document,https://indiankanoon.org/doc/70737230/
Delhi High Court - Orders,2021,January,Full Document,https://indiankanoon.org/doc/65919811/
Delhi High Court - Orders,2021,January,Full Document,https://indiankanoon.org/doc/35336800/
Delhi High Court - Orders,2021,January,Full Document,https://indiankanoon.org/doc/92973512/
Delhi High Court - Orders,2021,January,Full Document,https://indiankanoon.org/doc/80197479/
Delhi High Court - Orders,2021,January,Full Document,https://indiankanoon.org/doc/79727199/
Delhi High Court - Orders,2021,January,Full Document,https://indiankanoon.org/doc/77311024/
Delhi High Court - Orders,2021,January,Full Document,https://indiankanoon.org/doc/58748813/
Delhi High Court - Orders,2021,January,Full Document,https://indiankanoon.org/doc/168935164/
Delhi High Court - Orders,2021,January,Full Document,https://indiankanoon.org/doc/47112874/
Delhi High Court - Orders,2021,January,Full Document,https://indiankanoon.org/doc/31470922/
Delhi High Court - Orders,2021,January,Full Document,https://indiankanoon.org/doc/94729052/
Delhi High Court - Orders,2021,January,Full Document,https://indiankanoon.org/doc/4833700/
Delhi High Court - Orders,2021,January,Full Document,https://indiankanoon.org/doc/150084522/
Delhi High Court - Orders,2021,January,Full Document,https://indiankanoon.org/doc/163600821/
Delhi High Court - Orders,2021,January,Full Document,https://indiankanoon.org/doc/162831180/
Delhi High Court - Orders,2021,January,Full Document,https://indiankanoon.org/doc/34473614/
Delhi High Court - Orders,2021,January,Full Document,https://indiankanoon.org/doc/67648692/
Delhi High Court - Orders,2021,January,Full Document,https://indiankanoon.org/doc/33762783/
Delhi High Court - Orders,2021,January,Full Document,https://indiankanoon.org/doc/94175959/
Delhi High Court - Orders,2021,January,Full Document,https://indiankanoon.org/doc/99237572/
Delhi High Court - Orders,2021,January,Full Document,https://indiankanoon.org/doc/129802831/
Delhi High Court - Orders,2021,January,Full Document,https://indiankanoon.org/doc/41639967/
Delhi High Court - Orders,2021,January,Full Document,https://indiankanoon.org/doc/21554764/
Delhi High Court - Orders,2021,January,Full Document,https://indiankanoon.org/doc/54037224/
Delhi High Court - Orders,2021,January,Full Document,https://indiankanoon.org/doc/94889192/
Delhi High Court - Orders,2021,January,Full Document,https://indiankanoon.org/doc/139221833/
Delhi High Court - Orders,2021,January,Full Document,https://indiankanoon.org/doc/165021114/
Delhi High Court - Orders,2021,January,Full Document,https://indiankanoon.org/doc/181783781/
Delhi High Court - Orders,2021,January,Full Document,https://indiankanoon.org/doc/176643286/
Delhi High Court - Orders,2021,January,Full Document,https://indiankanoon.org/doc/158168464/
Delhi High Court - Orders,2021,January,Full Document,https://indiankanoon.org/doc/42413068/
Delhi High Court - Orders,2021,January,Full Document,https://indiankanoon.org/doc/100532637/
Delhi High Court - Orders,2021,January,Full Document,https://indiankanoon.org/doc/162924819/
Delhi High Court - Orders,2021,January,Full Document,https://indiankanoon.org/doc/3376951/
Delhi High Court - Orders,2021,January,Full Document,https://indiankanoon.org/doc/76970150/
Delhi High Court - Orders,2021,January,Full Document,https://indiankanoon.org/doc/178093175/
Delhi High Court - Orders,2021,January,Full Document,https://indiankanoon.org/doc/84885085/
Delhi High Court - Orders,2021,January,Full Document,https://indiankanoon.org/doc/140727097/
Delhi High Court - Orders,2021,January,Full Document,https://indiankanoon.org/doc/65645835/
Delhi High Court - Orders,2021,January,Full Document,https://indiankanoon.org/doc/85094433/
Delhi High Court - Orders,2021,January,Full Document,https://indiankanoon.org/doc/170990139/
Delhi High Court - Orders,2021,January,Full Document,https://indiankanoon.org/doc/32560502/
Delhi High Court - Orders,2021,January,Full Document,https://indiankanoon.org/doc/129391212/
Delhi High Court - Orders,2021,January,Full Document,https://indiankanoon.org/doc/25134736/
Delhi High Court - Orders,2021,January,Full Document,https://indiankanoon.org/doc/120073718/
Delhi High Court - Orders,2021,January,Full Document,https://indiankanoon.org/doc/94669803/
Delhi High Court - Orders,2021,January,Full Document,https://indiankanoon.org/doc/150404286/
Delhi High Court - Orders,2021,January,Full Document,https://indiankanoon.org/doc/5369852/
Delhi High Court - Orders,2021,January,Full Document,https://indiankanoon.org/doc/35722729/
Delhi High Court - Orders,2021,January,Full Document,https://indiankanoon.org/doc/66698888/
Delhi High Court - Orders,2021,January,Full Document,https://indiankanoon.org/doc/165414285/
Delhi High Court - Orders,2021,January,Full Document,https://indiankanoon.org/doc/42583288/
Delhi High Court - Orders,2021,January,Full Document,https://indiankanoon.org/doc/113300868/
Delhi High Court - Orders,2021,January,Full Document,https://indiankanoon.org/doc/16678783/
Delhi High Court - Orders,2021,January,Full Document,https://indiankanoon.org/doc/132465549/
Delhi High Court - Orders,2021,January,Full Document,https://indiankanoon.org/doc/124080582/
Delhi High Court - Orders,2021,January,Full Document,https://indiankanoon.org/doc/48193549/
Delhi High Court - Orders,2021,January,Full Document,https://indiankanoon.org/doc/151084792/
Delhi High Court - Orders,2021,January,Full Document,https://indiankanoon.org/doc/142946767/
Delhi High Court - Orders,2021,January,Full Document,https://indiankanoon.org/doc/84202565/
Delhi High Court - Orders,2021,January,Full Document,https://indiankanoon.org/doc/115847462/
Delhi High Court - Orders,2021,January,Full Document,https://indiankanoon.org/doc/189791511/
Delhi High Court - Orders,2021,January,Full Document,https://indiankanoon.org/doc/166343546/
Delhi High Court - Orders,2021,January,Full Document,https://indiankanoon.org/doc/121300954/
Delhi High Court - Orders,2021,January,Full Document,https://indiankanoon.org/doc/195535893/
Delhi High Court - Orders,2021,January,Full Document,https://indiankanoon.org/doc/86216365/
Delhi High Court - Orders,2021,January,Full Document,https://indiankanoon.org/doc/94752250/
Delhi High Court - Orders,2021,January,Full Document,https://indiankanoon.org/doc/6734255/
Delhi High Court - Orders,2021,January,Full Document,https://indiankanoon.org/doc/155647416/
Delhi High Court - Orders,2021,January,Full Document,https://indiankanoon.org/doc/81954688/
Delhi High Court - Orders,2021,January,Full Document,https://indiankanoon.org/doc/108621483/
Delhi High Court - Orders,2021,January,Full Document,https://indiankanoon.org/doc/156672010/
Delhi High Court - Orders,2021,January,Full Document,https://indiankanoon.org/doc/151443494/
Delhi High Court - Orders,2021,January,Full Document,https://indiankanoon.org/doc/138069312/
Delhi High Court - Orders,2021,January,Full Document,https://indiankanoon.org/doc/5943832/
Delhi High Court - Orders,2021,January,Full Document,https://indiankanoon.org/doc/76842006/
Delhi High Court - Orders,2021,January,Full Document,https://indiankanoon.org/doc/89294523/
Delhi High Court - Orders,2021,January,Full Document,https://indiankanoon.org/doc/5492070/
Delhi High Court - Orders,2021,January,Full Document,https://indiankanoon.org/doc/7262684/
Delhi High Court - Orders,2021,January,Full Document,https://indiankanoon.org/doc/193510030/
Delhi High Court - Orders,2021,January,Full Document,https://indiankanoon.org/doc/81574530/
Delhi High Court - Orders,2021,January,Full Document,https://indiankanoon.org/doc/48629818/
Delhi High Court - Orders,2021,January,Full Document,https://indiankanoon.org/doc/167710641/
Delhi High Court - Orders,2021,January,Full Document,https://indiankanoon.org/doc/129785953/
Delhi High Court - Orders,2021,January,Full Document,https://indiankanoon.org/doc/77296345/
Delhi High Court - Orders,2021,January,Full Document,https://indiankanoon.org/doc/31530224/
Delhi High Court - Orders,2021,January,Full Document,https://indiankanoon.org/doc/155439708/
Delhi High Court - Orders,2021,January,Full Document,https://indiankanoon.org/doc/191831378/
Delhi High Court - Orders,2021,January,Full Document,https://indiankanoon.org/doc/97218471/
Delhi High Court - Orders,2021,January,Full Document,https://indiankanoon.org/doc/38746228/
Delhi High Court - Orders,2021,January,Full Document,https://indiankanoon.org/doc/179125051/
Delhi High Court - Orders,2021,January,Full Document,https://indiankanoon.org/doc/36917791/
Delhi High Court - Orders,2021,January,Full Document,https://indiankanoon.org/doc/169672743/
Delhi High Court - Orders,2021,January,Full Document,https://indiankanoon.org/doc/73821900/
Delhi High Court - Orders,2021,January,Full Document,https://indiankanoon.org/doc/109501771/
Delhi High Court - Orders,2021,January,Full Document,https://indiankanoon.org/doc/85965826/
Delhi High Court - Orders,2021,January,Full Document,https://indiankanoon.org/doc/102665639/
Delhi High Court - Orders,2021,January,Full Document,https://indiankanoon.org/doc/137443929/
Delhi High Court - Orders,2021,January,Full Document,https://indiankanoon.org/doc/159818234/
Delhi High Court - Orders,2021,January,Full Document,https://indiankanoon.org/doc/186450411/
Delhi High Court - Orders,2021,January,Full Document,https://indiankanoon.org/doc/86260184/
Delhi High Court - Orders,2021,January,Full Document,https://indiankanoon.org/doc/87937138/
Delhi High Court - Orders,2021,January,Full Document,https://indiankanoon.org/doc/172644306/
Delhi High Court - Orders,2021,January,Full Document,https://indiankanoon.org/doc/73990750/
Delhi High Court - Orders,2021,January,Full Document,https://indiankanoon.org/doc/135659981/
Delhi High Court - Orders,2021,January,Full Document,https://indiankanoon.org/doc/4107088/
Delhi High Court - Orders,2021,January,Full Document,https://indiankanoon.org/doc/76855688/
Delhi High Court - Orders,2021,January,Full Document,https://indiankanoon.org/doc/76071151/
Delhi High Court - Orders,2021,January,Full Document,https://indiankanoon.org/doc/11585871/
Delhi High Court - Orders,2021,January,Full Document,https://indiankanoon.org/doc/169993507/
Delhi High Court - Orders,2021,January,Full Document,https://indiankanoon.org/doc/106555350/
Delhi High Court - Orders,2021,January,Full Document,https://indiankanoon.org/doc/183595854/
Delhi High Court - Orders,2021,January,Full Document,https://indiankanoon.org/doc/85116485/
Delhi High Court - Orders,2021,January,Full Document,https://indiankanoon.org/doc/102271385/
Delhi High Court - Orders,2021,January,Full Document,https://indiankanoon.org/doc/18669976/
Delhi High Court - Orders,2021,January,Full Document,https://indiankanoon.org/doc/27833887/
Delhi High Court - Orders,2021,January,Full Document,https://indiankanoon.org/doc/8044374/
Delhi High Court - Orders,2021,January,Full Document,https://indiankanoon.org/doc/148154080/
Delhi High Court - Orders,2021,January,Full Document,https://indiankanoon.org/doc/136575648/
Delhi High Court - Orders,2021,January,Full Document,https://indiankanoon.org/doc/7593726/
Delhi High Court - Orders,2021,January,Full Document,https://indiankanoon.org/doc/126763551/
Delhi High Court - Orders,2021,January,Full Document,https://indiankanoon.org/doc/94765946/
Delhi High Court - Orders,2021,January,Full Document,https://indiankanoon.org/doc/51936649/
Delhi High Court - Orders,2021,January,Full Document,https://indiankanoon.org/doc/143885020/
Delhi High Court - Orders,2021,January,Full Document,https://indiankanoon.org/doc/26106441/
